{"ip":0,"fr":60,"v":"5.1.20","assets":[],"layers":[{"ty":4,"nm":"Rectangle","ip":0,"st":0,"ind":2,"hix":1,"ks":{"o":{"a":0,"k":100},"or":{"a":0,"k":[0,0,0]},"a":{"a":0,"k":[137.5,15,0]},"p":{"s":true,"x":{"a":0,"k":137.5},"y":{"a":1,"k":[{"t":0,"s":[23.185],"e":[144.644],"i":{"x":[0.55],"y":[0.95]},"o":{"x":[0.445],"y":[0.05]}},{"t":60,"s":[144.644],"e":[22.644],"i":{"x":[0.55],"y":[0.95]},"o":{"x":[0.445],"y":[0.05]}},{"t":120}]}},"rx":{"a":0,"k":0},"ry":{"a":0,"k":0},"rz":{"a":0,"k":0},"s":{"a":0,"k":[100,100,100]}},"shapes":[{"ty":"gr","nm":"Rectangle shape group","it":[{"ty":"rc","s":{"a":0,"k":[275,30]},"r":{"a":0,"k":0},"p":{"a":0,"k":[137.5,112]}},{"ty":"st","o":{"a":0,"k":0},"w":{"a":0,"k":0},"c":{"a":0,"k":[0,0,0,0]},"lc":3,"lj":1,"ml":1},{"ty":"fl","o":{"a":0,"k":100},"r":1,"c":{"a":0,"k":[0.7686274509803922,0.6705882352941176,0.30196078431372547,1]}},{"ty":"tr","o":{"a":0,"k":75},"a":{"a":0,"k":[0,0]},"s":{"a":0,"k":[100,100]},"p":{"a":0,"k":[0,-97]},"r":{"a":0,"k":0}}]}],"op":120},{"ty":4,"nm":"Card","ip":0,"st":0,"ind":1,"hix":2,"ks":{"o":{"a":0,"k":100},"or":{"a":0,"k":[0,0,0]},"a":{"a":0,"k":[122.5,83.5,0]},"p":{"s":true,"x":{"a":0,"k":138.03700000000003},"y":{"a":0,"k":83.68499999999999}},"rx":{"a":0,"k":0},"ry":{"a":0,"k":0},"rz":{"a":0,"k":0},"s":{"a":0,"k":[100,100,100]}},"shapes":[{"ty":"gr","nm":"Card shape group","it":[{"ty":"rc","s":{"a":0,"k":[35,10]},"r":{"a":0,"k":2},"p":{"a":0,"k":[187.5,112]}},{"ty":"st","o":{"a":0,"k":0},"w":{"a":0,"k":0},"c":{"a":0,"k":[0,0,0,0]},"lc":3,"lj":1,"ml":1},{"ty":"fl","o":{"a":0,"k":100},"r":1,"c":{"a":0,"k":[0.7686274509803922,0.6705882352941176,0.30196078431372547,1]}},{"ty":"tr","o":{"a":0,"k":100},"a":{"a":0,"k":[0,0]},"s":{"a":0,"k":[100,100]},"p":{"a":0,"k":[0,0]},"r":{"a":0,"k":0}}]},{"ty":"gr","nm":"Card shape group","it":[{"ty":"rc","s":{"a":0,"k":[35,10]},"r":{"a":0,"k":2},"p":{"a":0,"k":[137.5,112]}},{"ty":"st","o":{"a":0,"k":0},"w":{"a":0,"k":0},"c":{"a":0,"k":[0,0,0,0]},"lc":3,"lj":1,"ml":1},{"ty":"fl","o":{"a":0,"k":100},"r":1,"c":{"a":0,"k":[0.7686274509803922,0.6705882352941176,0.30196078431372547,1]}},{"ty":"tr","o":{"a":0,"k":100},"a":{"a":0,"k":[0,0]},"s":{"a":0,"k":[100,100]},"p":{"a":0,"k":[0,0]},"r":{"a":0,"k":0}}]},{"ty":"gr","nm":"Card shape group","it":[{"ty":"rc","s":{"a":0,"k":[35,10]},"r":{"a":0,"k":2},"p":{"a":0,"k":[87.5,112]}},{"ty":"st","o":{"a":0,"k":0},"w":{"a":0,"k":0},"c":{"a":0,"k":[0,0,0,0]},"lc":3,"lj":1,"ml":1},{"ty":"fl","o":{"a":0,"k":100},"r":1,"c":{"a":0,"k":[0.7686274509803922,0.6705882352941176,0.30196078431372547,1]}},{"ty":"tr","o":{"a":0,"k":100},"a":{"a":0,"k":[0,0]},"s":{"a":0,"k":[100,100]},"p":{"a":0,"k":[0,0]},"r":{"a":0,"k":0}}]},{"ty":"gr","nm":"Card shape group","it":[{"ty":"rc","s":{"a":0,"k":[35,10]},"r":{"a":0,"k":2},"p":{"a":0,"k":[37.5,112]}},{"ty":"st","o":{"a":0,"k":0},"w":{"a":0,"k":0},"c":{"a":0,"k":[0,0,0,0]},"lc":3,"lj":1,"ml":1},{"ty":"fl","o":{"a":0,"k":100},"r":1,"c":{"a":0,"k":[0.7686274509803922,0.6705882352941176,0.30196078431372547,1]}},{"ty":"tr","o":{"a":0,"k":100},"a":{"a":0,"k":[0,0]},"s":{"a":0,"k":[100,100]},"p":{"a":0,"k":[0,0]},"r":{"a":0,"k":0}}]},{"ty":"gr","nm":"Card shape group","it":[{"ty":"rc","s":{"a":0,"k":[45,30]},"r":{"a":0,"k":2},"p":{"a":0,"k":[202.5,35]}},{"ty":"st","o":{"a":0,"k":0},"w":{"a":0,"k":0},"c":{"a":0,"k":[0,0,0,0]},"lc":3,"lj":1,"ml":1},{"ty":"fl","o":{"a":0,"k":100},"r":1,"c":{"a":0,"k":[0.7686274509803922,0.6705882352941176,0.30196078431372547,1]}},{"ty":"tr","o":{"a":0,"k":100},"a":{"a":0,"k":[0,0]},"s":{"a":0,"k":[100,100]},"p":{"a":0,"k":[0,0]},"r":{"a":0,"k":0}}]},{"ty":"gr","nm":"Card shape group","it":[{"ty":"rc","s":{"a":0,"k":[50,10]},"r":{"a":0,"k":2},"p":{"a":0,"k":[200,142]}},{"ty":"st","o":{"a":0,"k":0},"w":{"a":0,"k":0},"c":{"a":0,"k":[0,0,0,0]},"lc":3,"lj":1,"ml":1},{"ty":"fl","o":{"a":0,"k":100},"r":1,"c":{"a":0,"k":[0.7686274509803922,0.6705882352941176,0.30196078431372547,1]}},{"ty":"tr","o":{"a":0,"k":100},"a":{"a":0,"k":[0,0]},"s":{"a":0,"k":[100,100]},"p":{"a":0,"k":[0,0]},"r":{"a":0,"k":0}}]},{"ty":"gr","nm":"Card shape group","it":[{"ty":"rc","s":{"a":0,"k":[80,10]},"r":{"a":0,"k":2},"p":{"a":0,"k":[60,142]}},{"ty":"st","o":{"a":0,"k":0},"w":{"a":0,"k":0},"c":{"a":0,"k":[0,0,0,0]},"lc":3,"lj":1,"ml":1},{"ty":"fl","o":{"a":0,"k":100},"r":1,"c":{"a":0,"k":[0.7686274509803922,0.6705882352941176,0.30196078431372547,1]}},{"ty":"tr","o":{"a":0,"k":100},"a":{"a":0,"k":[0,0]},"s":{"a":0,"k":[100,100]},"p":{"a":0,"k":[0,0]},"r":{"a":0,"k":0}}]},{"ty":"gr","nm":"Card shape group","it":[{"ty":"sh","ks":{"a":0,"k":{"c":true,"v":[[42.6616173,55.2719298],[45.0050494,55.2719298],[47.3161457,55.6726289],[48.4501781,56.8066613],[48.8508772,59.1177576],[48.8508772,76.5138213],[48.4501781,78.8249177],[47.3161457,79.9589501],[45.0050494,80.3596491],[42.6616173,80.3596491],[40.3505209,79.9589501],[39.2164885,78.8249177],[38.8157895,76.5138213],[38.8157895,59.1177576],[39.2164885,56.8066613],[40.3505209,55.6726289]],"i":[[-1.337278100000006,0],[0,0],[-0.488888799999998,-0.26146070000000066],[-0.2614605999999995,-0.4888888999999992],[0,-1.337278099999999],[0,0],[0.26146070000000066,-0.4888889000000063],[0.4888888999999992,-0.26146070000000066],[1.337278100000006,0],[0,0],[0.4888888999999992,0.2614606000000066],[0.26146070000000066,0.4888889000000063],[0,1.3372780999999918],[0,0],[-0.2614605999999995,0.4888888999999992],[-0.4888888999999992,0.2614605999999995]],"o":[[0,0],[1.337278100000006,0],[0.4888888999999992,0.2614605999999995],[0.26146070000000066,0.4888888999999992],[0,0],[0,1.3372780999999918],[-0.2614605999999995,0.4888889000000063],[-0.488888799999998,0.2614606000000066],[0,0],[-1.337278100000006,0],[-0.4888888999999992,-0.26146070000000066],[-0.2614605999999995,-0.4888889000000063],[0,0],[0,-1.337278099999999],[0.26146070000000066,-0.4888888999999992],[0.4888888999999992,-0.26146070000000066]]}}},{"ty":"st","o":{"a":0,"k":0},"w":{"a":0,"k":0},"c":{"a":0,"k":[0,0,0,0]},"lc":3,"lj":1,"ml":1},{"ty":"fl","o":{"a":0,"k":100},"r":1,"c":{"a":0,"k":[0.9921568627450981,0.9411764705882353,0.9686274509803922,1]}},{"ty":"tr","o":{"a":0,"k":100},"a":{"a":0,"k":[0,0]},"s":{"a":0,"k":[100,100]},"p":{"a":0,"k":[0,0]},"r":{"a":0,"k":0}}]},{"ty":"gr","nm":"Card shape group","it":[{"ty":"sh","ks":{"a":0,"k":{"c":true,"v":[[51.3596491,59.0350877],[51.3596491,57.8909283],[50.8253837,54.8094665],[49.3133405,53.2974233],[46.2318787,52.7631579],[41.4347879,52.7631579],[38.3533261,53.2974233],[36.841283,54.8094665],[36.3070175,57.8909283],[36.3070175,59.0350877],[20,59.0350877],[20,53],[24,49],[63.6666667,49],[67.6666667,53],[67.6666667,59.0350877]],"i":[[0,0],[0,0],[0.3486142000000001,0.6518518000000029],[0.6518518999999969,0.3486142000000001],[1.783037499999999,0],[0,0],[0.651851900000004,-0.3486142000000001],[0.34861410000000603,-0.6518518999999969],[0,-1.783037499999999],[0,0],[0,0],[0,0],[-2.2091390000000004,0],[0,0],[0,-2.2091390000000004],[0,0]],"o":[[0,0],[0,-1.783037499999999],[-0.3486142000000001,-0.6518518999999969],[-0.6518518000000029,-0.3486142000000001],[0,0],[-1.7830374000000049,0],[-0.6518517999999958,0.3486142000000001],[-0.3486142000000001,0.6518518000000029],[0,0],[0,0],[0,0],[0,-2.2091390000000004],[0,0],[2.2091390000000004,0],[0,0],[0,0]]}}},{"ty":"sh","ks":{"a":0,"k":{"c":true,"v":[[36.3070175,61.5438596],[36.3070175,74.0877193],[20,74.0877193],[20,61.5438596]],"i":[[0,0],[0,0],[0,0],[0,0]],"o":[[0,0],[0,0],[0,0],[0,0]]}}},{"ty":"sh","ks":{"a":0,"k":{"c":true,"v":[[51.3596491,61.5438596],[67.6666667,61.5438596],[67.6666667,74.0877193],[51.3596491,74.0877193]],"i":[[0,0],[0,0],[0,0],[0,0]],"o":[[0,0],[0,0],[0,0],[0,0]]}}},{"ty":"sh","ks":{"a":0,"k":{"c":true,"v":[[36.3070175,76.5964912],[36.3070175,77.7406507],[36.841283,80.8221125],[38.3533261,82.3341556],[41.4347879,82.8684211],[46.2318787,82.8684211],[49.3133405,82.3341556],[50.8253837,80.8221125],[51.3596491,77.7406507],[51.3596491,76.5964912],[67.6666667,76.5964912],[67.6666667,82.6315789],[63.6666667,86.6315789],[24,86.6315789],[20,82.6315789],[20,76.5964912]],"i":[[0,0],[0,0],[-0.3486142000000001,-0.6518518999999969],[-0.6518517999999958,-0.34861410000000603],[-1.7830374000000049,0],[0,0],[-0.6518518000000029,0.3486142000000001],[-0.3486142000000001,0.6518518000000029],[0,1.7830373999999978],[0,0],[0,0],[0,0],[2.2091390000000004,0],[0,0],[0,2.2091390000000075],[0,0]],"o":[[0,0],[0,1.7830373999999978],[0.34861410000000603,0.6518518000000029],[0.651851900000004,0.3486142000000001],[0,0],[1.783037499999999,0],[0.6518518999999969,-0.34861410000000603],[0.3486142000000001,-0.6518518999999969],[0,0],[0,0],[0,0],[0,2.2091390000000075],[0,0],[-2.2091390000000004,0],[0,0],[0,0]]}}},{"ty":"st","o":{"a":0,"k":0},"w":{"a":0,"k":0},"c":{"a":0,"k":[0,0,0,0]},"lc":3,"lj":1,"ml":1},{"ty":"fl","o":{"a":0,"k":100},"r":1,"c":{"a":0,"k":[0.9921568627450981,0.9411764705882353,0.9686274509803922,1]}},{"ty":"tr","o":{"a":0,"k":100},"a":{"a":0,"k":[0,0]},"s":{"a":0,"k":[100,100]},"p":{"a":0,"k":[0,0]},"r":{"a":0,"k":0}}]},{"ty":"gr","nm":"Card shape group","it":[{"ty":"sh","ks":{"a":0,"k":{"c":true,"v":[[245,0],[245,167],[0,167]],"i":[[0,0],[0,0],[0,0]],"o":[[0,0],[0,0],[0,0]]}}},{"ty":"st","o":{"a":0,"k":0},"w":{"a":0,"k":0},"c":{"a":0,"k":[0,0,0,0]},"lc":3,"lj":1,"ml":1},{"ty":"fl","o":{"a":0,"k":100},"r":1,"c":{"a":0,"k":[1,1,1,1]}},{"ty":"tr","o":{"a":0,"k":7.000000030000001},"a":{"a":0,"k":[0,0]},"s":{"a":0,"k":[100,100]},"p":{"a":0,"k":[0,0]},"r":{"a":0,"k":0}}]},{"ty":"gr","nm":"Card shape group","it":[{"ty":"sh","ks":{"a":0,"k":{"c":true,"v":[[16.6652538,-6.732962e-16],[228.334746,6.732962e-16],[238.349497,1.73636257],[243.263637,6.65050293],[245,16.6652538],[245,150.334746],[243.263637,160.349497],[238.349497,165.263637],[228.334746,167],[16.6652538,167],[6.65050293,165.263637],[1.73636257,160.349497],[6.80580898e-15,150.334746],[4.48864133e-16,16.6652538],[1.73636257,6.65050293],[6.65050293,1.73636257]],"i":[[-5.794871799999999,1.064500682e-15],[0,0],[-2.118518000000023,-1.132996098],[-1.1329959999999915,-2.1185185200000003],[0,-5.794871799999999],[0,0],[1.1329970000000174,-2.118518000000023],[2.118518999999992,-1.1329959999999915],[5.794871999999998,0],[0,0],[2.1185185200000003,1.1329970000000174],[1.13299611,2.118518999999992],[-1.076017999e-14,5.794871999999998],[0,0],[-1.132996098,2.1185185200000003],[-2.1185185200000003,1.13299611]],"o":[[0,0],[5.794871999999998,-1.064500682e-15],[2.118518999999992,1.13299611],[1.1329970000000174,2.1185185200000003],[0,0],[0,5.794871999999998],[-1.1329959999999915,2.118518999999992],[-2.118518000000023,1.1329970000000174],[0,0],[-5.794871799999999,0],[-2.1185185200000003,-1.1329959999999915],[-1.132996098,-2.118518000000023],[0,0],[-7.09667121e-16,-5.794871799999999],[1.13299611,-2.1185185200000003],[2.1185185200000003,-1.132996098]]}}},{"ty":"st","o":{"a":0,"k":0},"w":{"a":0,"k":0},"c":{"a":0,"k":[0,0,0,0]},"lc":3,"lj":1,"ml":1},{"ty":"fl","o":{"a":0,"k":100},"r":1,"c":{"a":0,"k":[0.3176470588235294,0.5607843137254902,0.6666666666666666,1]}},{"ty":"tr","o":{"a":0,"k":100},"a":{"a":0,"k":[0,0]},"s":{"a":0,"k":[100,100]},"p":{"a":0,"k":[0,0]},"r":{"a":0,"k":0}}]},{"ty":"gr","nm":"Card shape group","it":[{"ty":"sh","ks":{"a":0,"k":{"c":true,"v":[[16.6652538,-6.732962e-16],[228.334746,6.732962e-16],[238.349497,1.73636257],[243.263637,6.65050293],[245,16.6652538],[245,150.334746],[243.263637,160.349497],[238.349497,165.263637],[228.334746,167],[16.6652538,167],[6.65050293,165.263637],[1.73636257,160.349497],[6.80580898e-15,150.334746],[4.48864133e-16,16.6652538],[1.73636257,6.65050293],[6.65050293,1.73636257]],"i":[[-5.794871799999999,1.064500682e-15],[0,0],[-2.118518000000023,-1.132996098],[-1.1329959999999915,-2.1185185200000003],[0,-5.794871799999999],[0,0],[1.1329970000000174,-2.118518000000023],[2.118518999999992,-1.1329959999999915],[5.794871999999998,0],[0,0],[2.1185185200000003,1.1329970000000174],[1.13299611,2.118518999999992],[-1.076017999e-14,5.794871999999998],[0,0],[-1.132996098,2.1185185200000003],[-2.1185185200000003,1.13299611]],"o":[[0,0],[5.794871999999998,-1.064500682e-15],[2.118518999999992,1.13299611],[1.1329970000000174,2.1185185200000003],[0,0],[0,5.794871999999998],[-1.1329959999999915,2.118518999999992],[-2.118518000000023,1.1329970000000174],[0,0],[-5.794871799999999,0],[-2.1185185200000003,-1.1329959999999915],[-1.132996098,-2.118518000000023],[0,0],[-7.09667121e-16,-5.794871799999999],[1.13299611,-2.1185185200000003],[2.1185185200000003,-1.132996098]]}}},{"ty":"st","o":{"a":0,"k":0},"w":{"a":0,"k":0},"c":{"a":0,"k":[0,0,0,0]},"lc":3,"lj":1,"ml":1},{"ty":"fl","o":{"a":0,"k":0},"c":{"a":0,"k":[0,0,0,0]},"r":1},{"ty":"tr","o":{"a":0,"k":100},"a":{"a":0,"k":[0,0]},"s":{"a":0,"k":[100,100]},"p":{"a":0,"k":[0,0]},"r":{"a":0,"k":0}}]}],"op":120}],"op":120,"w":276,"h":168}